{
  "ETTh2|patchtst": {
    "leaky_static": 0.16296906395052738,
    "leaky_adapted": 0.11895890409776348,
    "leaky_benefit": 27.00522343683835,
    "delayed_static": 0.16296906395052738,
    "delayed_adapted": 0.15351639549651347,
    "delayed_benefit": 5.800283946457139,
    "clean_static": 0.15876228868632028,
    "clean_adapted": 0.14863449792012326,
    "clean_benefit": 6.379216909758293,
    "leak_pt": 21.20493949038121,
    "evalset_pt": -0.5789329633011544,
    "inflation_pt": 20.626006527080058
  },
  "appliances|patchtst": {
    "leaky_static": 0.488393481016545,
    "leaky_adapted": 0.1756120111125414,
    "leaky_benefit": 64.04292482630571,
    "delayed_static": 0.488393481016545,
    "delayed_adapted": 0.20286893362341163,
    "delayed_benefit": 58.46198986907871,
    "clean_static": 0.4695688482383017,
    "clean_adapted": 0.2572661225486846,
    "clean_benefit": 45.212267910471674,
    "leak_pt": 5.580934957227001,
    "evalset_pt": 13.249721958607033,
    "inflation_pt": 18.830656915834034
  },
  "ETTh2|dlinear": {
    "leaky_static": 0.146000646657258,
    "leaky_adapted": 0.13468316346093887,
    "leaky_benefit": 7.751666486030956,
    "delayed_static": 0.146000646657258,
    "delayed_adapted": 0.144721102973169,
    "delayed_benefit": 0.8763959019255432,
    "clean_static": 0.1413243425114708,
    "clean_adapted": 0.1377201160282226,
    "clean_benefit": 2.5503224845752706,
    "leak_pt": 6.875270584105413,
    "evalset_pt": -1.6739265826497274,
    "inflation_pt": 5.201344001455686
  },
  "appliances|dlinear": {
    "leaky_static": 0.23727722782840305,
    "leaky_adapted": 0.22059458547426455,
    "leaky_benefit": 7.030865332851598,
    "delayed_static": 0.23727722782840305,
    "delayed_adapted": 0.22845424778330004,
    "delayed_benefit": 3.7184268064205974,
    "clean_static": 0.2220876896776567,
    "clean_adapted": 0.21891677092280412,
    "clean_benefit": 1.4277778113027957,
    "leak_pt": 3.312438526431001,
    "evalset_pt": 2.2906489951178015,
    "inflation_pt": 5.603087521548803
  }
}