{
  "ETTm2|patchtst": {
    "warm": 2000,
    "arms": {
      "static": {
        "lr": 0.0,
        "n_windows": 1451,
        "quarters": [
          0.09127304736699765,
          0.1347856806457372,
          0.16788287508141927,
          0.09240794907586433
        ],
        "last_hundred": 0.08758453853428363
      },
      "adam_lo": {
        "lr": 0.0001,
        "n_windows": 1451,
        "quarters": [
          0.08651765642265753,
          0.09867264892010646,
          0.13144232360749036,
          0.07934877441588851
        ],
        "last_hundred": 0.07884536756202579
      },
      "adam_hi": {
        "lr": 0.01,
        "n_windows": 1451,
        "quarters": [
          0.3241097212084749,
          0.30000435357182725,
          0.6337142151610627,
          0.775652703988618
        ],
        "last_hundred": 0.6902635607123375
      },
      "sgd_hi": {
        "lr": 0.01,
        "n_windows": 1451,
        "quarters": [
          0.09518304883723677,
          0.1126291036749907,
          0.15350914259765358,
          0.08901668303692456
        ],
        "last_hundred": 0.08756235202774405
      }
    }
  },
  "ETTh2|patchtst": {
    "warm": 200,
    "arms": {
      "static": {
        "lr": 0.0,
        "n_windows": 362,
        "quarters": [
          0.12685568854212761,
          0.2103423050708241,
          0.26006174865696163,
          0.14241015112234487
        ],
        "last_hundred": 0.14424337182193994
      },
      "adam_lo": {
        "lr": 0.0001,
        "n_windows": 362,
        "quarters": [
          0.12723670647376115,
          0.14972582598113351,
          0.2168306368506617,
          0.12274439974377553
        ],
        "last_hundred": 0.12236486511304974
      },
      "adam_hi": {
        "lr": 0.01,
        "n_windows": 362,
        "quarters": [
          0.864022881951597,
          0.4994127677546607,
          0.4844496129287614,
          0.350845404383209
        ],
        "last_hundred": 0.34112338490784166
      },
      "sgd_hi": {
        "lr": 0.01,
        "n_windows": 362,
        "quarters": [
          0.1391229464362065,
          0.1832460877796014,
          0.2534116336041027,
          0.1453094220823712
        ],
        "last_hundred": 0.1453110394626856
      }
    }
  }
}