{
  "ETTm2|patchtst": {
    "milestones": [
      50,
      100,
      200,
      500,
      1000,
      2000,
      4000,
      8000,
      20000,
      50000
    ],
    "static_mean": [
      0.20306572362781852,
      0.16248069787703928,
      0.1568924698246099,
      0.15755018782295938,
      0.12343576794878323,
      0.1207900972978691,
      0.12666802657143397,
      0.12930135270753948,
      0.1374917716312492,
      0.15301643490411346
    ],
    "static_std": [
      0.04220131656764079,
      0.030811364511675123,
      0.04771963249687082,
      0.02526735819888069,
      0.014689410723770805,
      0.011232752751444038,
      0.01307925033466424,
      0.02184116855372817,
      0.0031484274217289062,
      0.004844069779566062
    ],
    "sweet_idx": 5,
    "sweet_step": 2000,
    "strategies": {
      "full_sgd": {
        "lr": 0.001,
        "imp_mean": [
          37.35950077243599,
          29.561004756129165,
          28.58781059471662,
          33.14015378720759,
          17.877292404616906,
          17.39191461647997,
          21.381039376985427,
          20.136673223323942,
          21.671396438242265,
          25.475916165278278
        ],
        "imp_std": [
          12.779655326257645,
          11.832394698619584,
          17.710288989052643,
          11.923478057995805,
          9.897954936862059,
          7.358493840478849,
          7.980411186126511,
          10.495293632719871,
          0.36282598628644935,
          3.5399046997152013
        ],
        "under": 37.35950077243599,
        "sweet": 17.39191461647997,
        "over": 25.475916165278278,
        "under_infl": 19.967586155956024,
        "over_infl": 8.084001548798309
      },
      "full_adam": {
        "lr": 0.0001,
        "imp_mean": [
          36.55991062763874,
          27.41327145166399,
          24.413586765816206,
          30.814435424425668,
          16.080449588401276,
          17.422425863470327,
          23.522513791987937,
          25.45593814385064,
          30.539866682978897,
          33.8843165008298
        ],
        "imp_std": [
          12.79385287749074,
          12.39611485056929,
          18.344263695363562,
          12.724388786786433,
          9.811701801543963,
          7.956677199061589,
          7.619382463775207,
          10.802533513646805,
          1.4835811832245598,
          2.7795658149483162
        ],
        "under": 36.55991062763874,
        "sweet": 17.422425863470327,
        "over": 33.8843165008298,
        "under_infl": 19.137484764168416,
        "over_infl": 16.46189063735947
      },
      "head_sgd": {
        "lr": 0.001,
        "imp_mean": [
          34.08296210491321,
          25.100112236622795,
          23.81154829567736,
          30.82875534684843,
          12.406020109575914,
          13.850129915374268,
          15.776373376644278,
          11.166364242338775,
          8.104839345367244,
          8.36956258498053
        ],
        "imp_std": [
          13.713269668885488,
          14.513218579439034,
          15.146319000421325,
          11.132417633402046,
          7.161324723681685,
          7.75362348201754,
          9.206884652762229,
          11.104816954339066,
          2.061079316958948,
          2.841529635564597
        ],
        "under": 34.08296210491321,
        "sweet": 13.850129915374268,
        "over": 8.36956258498053,
        "under_infl": 20.23283218953894,
        "over_infl": -5.480567330393738
      },
      "calib_sgd": {
        "lr": 0.001,
        "imp_mean": [
          34.856276555187705,
          26.394250261426276,
          25.269834060639578,
          31.891209758429696,
          13.920297762924578,
          14.933362232988777,
          17.273247506336844,
          13.073875224922103,
          12.70485152937846,
          15.156545398816334
        ],
        "imp_std": [
          13.45889000015382,
          14.052695144068778,
          15.483955254217703,
          11.042393226761012,
          7.847181863181486,
          7.848464268986821,
          9.119063183969883,
          10.780605677499917,
          1.1259977320844452,
          3.045937484919159
        ],
        "under": 34.856276555187705,
        "sweet": 14.933362232988777,
        "over": 15.156545398816334,
        "under_infl": 19.922914322198928,
        "over_infl": 0.2231831658275567
      }
    }
  },
  "appliances|patchtst": {
    "milestones": [
      50,
      100,
      200,
      500,
      1000,
      2000,
      4000,
      8000,
      20000,
      50000
    ],
    "static_mean": [
      0.5522829157580521,
      0.4982694420519391,
      0.5149047821352299,
      0.46288352482480094,
      0.41610626381008436,
      0.4342976692151535,
      0.4661318835155058,
      0.5235827795025157,
      0.5543524686606647,
      0.6190402484729294
    ],
    "static_std": [
      0.03741943651626515,
      0.009996497005952417,
      0.025469865915560375,
      0.04416002768436378,
      0.01739700694401684,
      0.011208537564699474,
      0.0171199933007916,
      0.021168124806623247,
      0.0388586648200697,
      0.08594862879422845
    ],
    "sweet_idx": 4,
    "sweet_step": 1000,
    "strategies": {
      "full_sgd": {
        "lr": 0.001,
        "imp_mean": [
          36.15183182869675,
          37.17426349602997,
          42.159028761952506,
          39.85776025382405,
          36.33429961210754,
          38.11102592155282,
          40.24356348507664,
          45.35419456234862,
          47.28615679770883,
          51.844503342177404
        ],
        "imp_std": [
          4.048736727650734,
          1.0225874123281864,
          2.9160826518893552,
          4.558929719296049,
          1.8794346325598428,
          0.5492487671595553,
          2.056626183749565,
          3.5657468013551217,
          3.566710585708995,
          6.412306455099936
        ],
        "under": 36.15183182869675,
        "sweet": 36.33429961210754,
        "over": 51.844503342177404,
        "under_infl": -0.18246778341079306,
        "over_infl": 15.510203730069861
      },
      "full_adam": {
        "lr": 0.0001,
        "imp_mean": [
          54.09626479703096,
          53.01346830597137,
          57.11629128018772,
          55.52170554189351,
          53.46217656210553,
          56.235412470935664,
          58.300266394102174,
          61.18860334806924,
          60.93284611826679,
          63.32926929098222
        ],
        "imp_std": [
          3.3719638132782177,
          1.2126435169959826,
          1.6492240185303702,
          3.7784962830314224,
          1.773499563532183,
          1.116159486809253,
          1.6474108331138326,
          1.9286916808072472,
          2.745722670019376,
          4.777638243658814
        ],
        "under": 54.09626479703096,
        "sweet": 53.46217656210553,
        "over": 63.32926929098222,
        "under_infl": 0.6340882349254287,
        "over_infl": 9.867092728876685
      },
      "head_sgd": {
        "lr": 0.001,
        "imp_mean": [
          30.598411774901553,
          31.56687501632039,
          35.79740295950139,
          33.751428721972964,
          29.63087455606858,
          30.676062329672273,
          29.146604909330858,
          28.46964272521488,
          20.109907110783606,
          13.077470535437362
        ],
        "imp_std": [
          4.813989033184462,
          0.8728860544416803,
          4.6677043335947745,
          4.144668502920401,
          3.1064558949313485,
          1.028014345989617,
          1.8313844929349437,
          2.104520846696018,
          1.9116596788560076,
          0.023002706909315225
        ],
        "under": 30.598411774901553,
        "sweet": 29.63087455606858,
        "over": 13.077470535437362,
        "under_infl": 0.9675372188329732,
        "over_infl": -16.55340402063122
      },
      "calib_sgd": {
        "lr": 0.001,