{
  "ETTh2": {
    "warm": 200,
    "lr": 0.001,
    "static": 0.18452962246100876,
    "best": 0.15379197829150856,
    "win_pct": -2.599840911993372,
    "periodic": [
      [
        0.06353591160220995,
        0.1715759811254002
      ],
      [
        0.1270718232044199,
        0.16602973281843228
      ],
      [
        0.2513812154696133,
        0.16101024785073917
      ],
      [
        0.5,
        0.15751620817888343
      ],
      [
        1.0,
        0.15379197829150856
      ]
    ],
    "drift": [
      [
        0.022099447513812154,
        0.18420336998546322
      ],
      [
        0.08011049723756906,
        0.1733346414026799
      ],
      [
        0.16298342541436464,
        0.1694537782784325
      ],
      [
        0.20994475138121546,
        0.1677024788969294
      ],
      [
        0.281767955801105,
        0.16454714685369756
      ]
    ]
  },
  "ETTm2": {
    "warm": 2000,
    "lr": 0.003,
    "static": 0.12152819266654474,
    "best": 0.09965107483669941,
    "win_pct": -3.4723412851830227,
    "periodic": [
      [
        0.06271536871123363,
        0.11000025168197328
      ],
      [
        0.12543073742246727,
        0.10904933528385435
      ],
      [
        0.2501722949689869,
        0.1087629687474934
      ],
      [
        0.5003445899379738,
        0.1042789403528237
      ],
      [
        1.0,
        0.09965107483669941
      ]
    ],
    "drift": [
      [
        0.019986216402481046,
        0.17018560534259683
      ],
      [
        0.07443142660234321,
        0.11951908208481161
      ],
      [
        0.15161957270847692,
        0.11308465266329391
      ],
      [
        0.2033080634045486,
        0.11047055765211089
      ],
      [
        0.28049620951068227,
        0.10803856859195446
      ]
    ]
  },
  "appliances": {
    "warm": 2000,
    "lr": 0.0003,
    "static": 0.42151986295017446,
    "best": 0.3176114555004159,
    "win_pct": 4.323609696942353,
    "periodic": [
      [
        0.06326034063260341,
        0.4014746173491153
      ],
      [
        0.12652068126520682,
        0.3890507630550658
      ],
      [
        0.25060827250608275,
        0.36978837976417983
      ],
      [
        0.5012165450121655,
        0.34662195806303164
      ],
      [
        1.0,
        0.3176114555004159
      ]
    ],
    "drift": [
      [
        0.024330900243309004,
        0.408677647887319
      ],
      [
        0.10462287104622871,
        0.38362940052329336
      ],
      [
        0.20194647201946472,
        0.36038895866350973
      ],
      [
        0.2749391727493917,
        0.35013478095677214
      ],
      [
        0.34793187347931875,
        0.3406066274827849
      ]
    ]
  }
}