{
  "ETTh2": {
    "warm": 200,
    "lr": 1e-05,
    "static": 0.18452962246100876,
    "best": 0.1530523294150747,
    "win_pct": -0.9084281285044747,
    "periodic": [
      [
        0.06353591160220995,
        0.17815000891109198
      ],
      [
        0.1270718232044199,
        0.17294971792037644
      ],
      [
        0.2513812154696133,
        0.16538798617127026
      ],
      [
        0.5,
        0.15901874020716267
      ],
      [
        1.0,
        0.1530523294150747
      ]
    ],
    "drift": [
      [
        0.024861878453038673,
        0.18060831821302353
      ],
      [
        0.0718232044198895,
        0.17715142924564978
      ],
      [
        0.16298342541436464,
        0.17291525949965852
      ],
      [
        0.20718232044198895,
        0.1705287350393132
      ],
      [
        0.2983425414364641,
        0.16598466888214178
      ]
    ]
  },
  "ETTm2": {
    "warm": 2000,
    "lr": 0.0001,
    "static": 0.12152819266654474,
    "best": 0.09894105466499895,
    "win_pct": 4.384885845781052,
    "periodic": [
      [
        0.06271536871123363,
        0.1183666771279069
      ],
      [
        0.12543073742246727,
        0.10731927089670418
      ],
      [
        0.2501722949689869,
        0.10631753836818127
      ],
      [
        0.5003445899379738,
        0.09957031719065654
      ],
      [
        1.0,
        0.09894105466499895
      ]
    ],
    "drift": [
      [
        0.025499655410062026,
        0.12492437370514291
      ],
      [
        0.07443142660234321,
        0.1094051590285615
      ],
      [
        0.14886285320468642,
        0.10471708808533288
      ],
      [
        0.2074431426602343,
        0.1011545651936987
      ],
      [
        0.29152308752584427,
        0.1007910267302932
      ]
    ]
  },
  "appliances": {
    "warm": 2000,
    "lr": 0.0001,
    "static": 0.42151986295017446,
    "best": 0.18973718068750525,
    "win_pct": 2.001388783204329,
    "periodic": [
      [
        0.06326034063260341,
        0.34066121485492173
      ],
      [
        0.12652068126520682,
        0.30980791283857506
      ],
      [
        0.25060827250608275,
        0.2590342743091122
      ],
      [
        0.5012165450121655,
        0.21704439537876133
      ],
      [
        1.0,
        0.18973718068750525
      ]
    ],
    "drift": [
      [
        0.021897810218978103,
        0.3855835062626142
      ],
      [
        0.0827250608272506,
        0.3344152725036562
      ],
      [
        0.18491484184914841,
        0.2802083501932177
      ],
      [
        0.2360097323600973,
        0.26024610417783983
      ],
      [
        0.3260340632603406,
        0.23359956394726922
      ]
    ]
  }
}