{
  "ETTh2": {
    "seeds": 3,
    "warm": [
      200,
      200,
      500
    ],
    "lr": [
      1e-05,
      3e-05,
      3e-05
    ],
    "static": 0.20096941135178834,
    "static_std": 0.02305046377360362,
    "best": 0.1533644558179225,
    "win_pct": -2.790836952771888,
    "win_pct_std": 1.6478598123418886,
    "periodic": [
      [
        1.0,
        0.1533644558179225,
        0.0002591644126634774
      ],
      [
        0.5,
        0.16125708284340182,
        0.002248038947807056
      ],
      [
        0.2513812154696133,
        0.17146486846788425,
        0.00588658983011171
      ],
      [
        0.1270718232044199,
        0.1829507083942493,
        0.010654597230125856
      ],
      [
        0.06353591160220995,
        0.18991826431444994,
        0.014291776662481956
      ]
    ],
    "drift": [
      [
        0.29097605893186,
        0.17431648945672573,
        0.007195813526955088
      ],
      [
        0.2034990791896869,
        0.1813766786804625,
        0.011496752084009439
      ],
      [
        0.14825046040515655,
        0.18671501756167216,
        0.01469359625579969
      ],
      [
        0.06537753222836096,
        0.19523763828473525,
        0.01881942838177091
      ],
      [
        0.024861878453038676,
        0.1978061885588406,
        0.020216241355164487
      ]
    ]
  },
  "ETTm2": {
    "seeds": 3,
    "warm": [
      2000,
      1000,
      200
    ],
    "lr": [
      0.0001,
      3e-05,
      1e-05
    ],
    "static": 0.11608274442535481,
    "static_std": 0.005467297748977442,
    "best": 0.09955990597282212,
    "win_pct": 4.488208143727644,
    "win_pct_std": 0.4078153354480211,
    "periodic": [
      [
        1.0,
        0.09955990597282212,
        0.001967356536729713
      ],
      [
        0.5003445899379738,
        0.10148022916390909,
        0.0023878179967614845
      ],
      [
        0.2501722949689869,
        0.10874551482416916,
        0.0029462017047133084
      ],
      [
        0.12543073742246727,
        0.1100233645597077,
        0.0028818245773405858
      ],
      [
        0.06271536871123363,
        0.1138221257412881,
        0.0035445439359106773
      ]
    ],
    "drift": [
      [
        0.2931311739030554,
        0.10203865538835834,
        0.0018989605937901233
      ],
      [
        0.21249712841718352,
        0.1029978515884105,
        0.002000918422087491
      ],
      [
        0.1525384792097404,
        0.10533346893090834,
        0.0012332441916965626
      ],
      [
        0.07994486560992418,
        0.10931229247830769,
        0.002120414872609241
      ],
      [
        0.03009418791637951,
        0.11727854529985772,
        0.006458054919769354
      ]
    ]
  },
  "appliances": {
    "seeds": 3,
    "warm": [
      2000,
      2000,
      1000
    ],
    "lr": [
      0.0001,
      0.0001,
      3e-05
    ],
    "static": 0.4367444146793133,
    "static_std": 0.011362911793205463,
    "best": 0.20110562696920017,
    "win_pct": 1.8756960349433083,
    "win_pct_std": 0.339124007842683,
    "periodic": [
      [
        1.0,
        0.20110562696920017,
        0.015988621360865603
      ],
      [
        0.5012165450121655,
        0.23350321839126212,
        0.022774922965934575
      ],
      [
        0.25060827250608275,
        0.2786175235290162,
        0.025884113410771344
      ],
      [
        0.12652068126520682,
        0.32676583915247925,
        0.020463003171285386
      ],
      [
        0.06326034063260341,
        0.36339601094095036,
        0.018824718306549814
      ]
    ],
    "drift": [
      [
        0.32522303325223034,
        0.25328657189980813,
        0.023211391437012664
      ],
      [
        0.24087591240875914,
        0.2779943071659246,
        0.02211826806028112
      ],
      [
        0.1873479318734793,
        0.2991106895652855,
        0.019477171029196397
      ],
      [
        0.08434712084347122,
        0.3511032457572966,
        0.016941352061384418
      ],
      [
        0.0227088402270884,
        0.4022014810713514,
        0.011751373646839492
      ]
    ]
  }
}