{
  "ETTh2": {
    "warm": 200,
    "static": 0.18452962246100876,
    "best": 0.15379197829150856,
    "win_pct": -2.599840911993372,
    "periodic": [
      [
        0.06353591160220995,
        0.1715759811254002
      ],
      [
        0.1270718232044199,
        0.16602973281843228
      ],
      [
        0.2513812154696133,
        0.16101024785073917
      ],
      [
        0.5,
        0.15751620817888343
      ],
      [
        1.0,
        0.15379197829150856
      ]
    ],
    "drift": [
      [
        0.022099447513812154,
        0.18420336998546322
      ],
      [
        0.08011049723756906,
        0.1733346414026799
      ],
      [
        0.16298342541436464,
        0.1694537782784325
      ],
      [
        0.20994475138121546,
        0.1677024788969294
      ],
      [
        0.281767955801105,
        0.16454714685369756
      ]
    ]
  },
  "ETTm2": {
    "warm": 2000,
    "static": 0.12152819266654474,
    "best": 0.09876665858639151,
    "win_pct": 0.014174769209160214,
    "periodic": [
      [
        0.06271536871123363,
        0.10651929023579985
      ],
      [
        0.12543073742246727,
        0.10713782586827413
      ],
      [
        0.2501722949689869,
        0.10580072829308569
      ],
      [
        0.5003445899379738,
        0.1017578084636056
      ],
      [
        1.0,
        0.09876665858639151
      ]
    ],
    "drift": [
      [
        0.030323914541695383,
        0.11804067640007569
      ],
      [
        0.0737422467263956,
        0.11168538165669618
      ],
      [
        0.1543762922122674,
        0.1058278383332838
      ],
      [
        0.20882150241212957,
        0.10465081204126861
      ],
      [
        0.28532046864231564,
        0.10274467682035872
      ]
    ]
  },
  "appliances": {
    "warm": 2000,
    "static": 0.42151986295017446,
    "best": 0.26369669364534154,
    "win_pct": 6.3286285756156,
    "periodic": [
      [
        0.06326034063260341,
        0.37493622148015204
      ],
      [
        0.12652068126520682,
        0.35346027670332986
      ],
      [
        0.25060827250608275,
        0.3264419761397978
      ],
      [
        0.5012165450121655,
        0.297657632334679
      ],
      [
        1.0,
        0.26369669364534154
      ]
    ],
    "drift": [
      [
        0.024330900243309004,
        0.39060834366510966
      ],
      [
        0.0948905109489051,
        0.3458276576115557
      ],
      [
        0.19951338199513383,
        0.3163443893157943
      ],
      [
        0.26277372262773724,
        0.3046019843024929
      ],
      [
        0.35036496350364965,
        0.2907485465525928
      ]
    ]
  }
}