{
  "ETTh2": {
    "seeds": 3,
    "warm": [
      200,
      200,
      500
    ],
    "lr": [
      0.001,
      0.001,
      0.001
    ],
    "static": 0.20096941135178834,
    "static_std": 0.02305046377360362,
    "best": 0.15999528021477918,
    "win_pct": -1.9066417376992415,
    "win_pct_std": 0.49158752953962204,
    "periodic": [
      [
        1.0,
        0.15999528021477918,
        0.0049115906761566155
      ],
      [
        0.5,
        0.16624656398000254,
        0.007378352160274525
      ],
      [
        0.2513812154696133,
        0.1724222451105412,
        0.010086391461304398
      ],
      [
        0.1270718232044199,
        0.18024586768508724,
        0.013298576687008831
      ],
      [
        0.06353591160220995,
        0.18807549057030984,
        0.015676162425414638
      ]
    ],
    "drift": [
      [
        0.2937384898710866,
        0.17392847660078256,
        0.00847842240785678
      ],
      [
        0.20810313075506445,
        0.17967124386222322,
        0.01120432877666552
      ],
      [
        0.15101289134438306,
        0.1830490091901348,
        0.013111461909150756
      ],
      [
        0.06721915285451197,
        0.19278865552834934,
        0.021193107135049696
      ],
      [
        0.023020257826887658,
        0.20270560019774772,
        0.01848335676429245
      ]
    ]
  },
  "ETTm2": {
    "seeds": 3,
    "warm": [
      2000,
      1000,
      200
    ],
    "lr": [
      0.003,
      0.003,
      0.003
    ],
    "static": 0.11608274442535481,
    "static_std": 0.005467297748977442,
    "best": 0.10321310221979448,
    "win_pct": -6.8297638898825825,
    "win_pct_std": 2.4230189365323023,
    "periodic": [
      [
        1.0,
        0.10321310221979448,
        0.0030844611737727945
      ],
      [
        0.5003445899379738,
        0.10900254999478913,
        0.004106951908230966
      ],
      [
        0.2501722949689869,
        0.11444358052007636,
        0.00503329626891946
      ],
      [
        0.12543073742246727,
        0.11323258295035225,
        0.0037463718965148572
      ],
      [
        0.06271536871123363,
        0.11403566133723009,
        0.0037097040678565666
      ]
    ],
    "drift": [
      [
        0.2848610153916839,
        0.11446095311228172,
        0.0049891831438823794
      ],
      [
        0.20124052377670573,
        0.11763279687471186,
        0.00576943349667929
      ],
      [
        0.1493223064553182,
        0.12115975939162725,
        0.006212769534688896
      ],
      [
        0.07374224672639558,
        0.13307053454595988,
        0.009738776387124075
      ],
      [
        0.0195267631518493,
        0.20462269375244935,
        0.03444375290045561
      ]
    ]
  },
  "appliances": {
    "seeds": 3,
    "warm": [
      2000,
      2000,
      1000
    ],
    "lr": [
      0.0003,
      0.001,
      0.001
    ],
    "static": 0.4367444146793133,
    "static_std": 0.011362911793205463,
    "best": 0.2869059127035633,
    "win_pct": 5.4754759274424565,
    "win_pct_std": 0.8796822532258559,
    "periodic": [
      [
        1.0,
        0.2869059127035633,
        0.02186659857639675
      ],
      [
        0.5012165450121655,
        0.3203445960543234,
        0.018934916952628954
      ],
      [
        0.25060827250608275,
        0.349504982697606,
        0.01500300101200723
      ],
      [
        0.12652068126520682,
        0.3757919264702007,
        0.010999186446506116
      ],
      [
        0.06326034063260341,
        0.3966168908240683,
        0.007464754256480102
      ]
    ],
    "drift": [
      [
        0.35117599351176,
        0.3149819430492558,
        0.018321266228988633
      ],
      [
        0.25790754257907544,
        0.3288084179440941,
        0.015407332472280702
      ],
      [
        0.1978913219789132,
        0.3410969040532568,
        0.014441229716365656
      ],
      [
        0.0997566909975669,
        0.3701451101143212,
        0.009952885107158405
      ],
      [
        0.0251419302514193,
        0.4088975667699701,
        0.009615861172705244
      ]
    ]
  }
}