{
  "ETTm2|dlinear": {
    "milestones": [
      50,
      100,
      200,
      500,
      1000,
      2000,
      4000,
      8000,
      20000,
      50000
    ],
    "static_mean": [
      0.16138389543325304,
      0.12786433254615714,
      0.11187308728012417,
      0.1092192678319283,
      0.10467202327619189,
      0.1012417442556201,
      0.10142210573131293,
      0.10381188723922986,
      0.0970014476830509,
      0.1025189148725772
    ],
    "static_std": [
      0.01323726142790781,
      0.008394634258468812,
      0.004373300040643392,
      0.009965833168558919,
      0.00765855810946115,
      0.0046223747374587966,
      0.004696637808042649,
      0.010697834402824626,
      0.0010016395998864963,
      0.005537192670939183
    ],
    "adapted_mean": [
      0.1355485787573246,
      0.11673407588214413,
      0.10360907279310139,
      0.09593093967109717,
      0.09585950780429277,
      0.09482816688157147,
      0.09570693671063629,
      0.09489143349997513,
      0.0946347682860691,
      0.09490152241815332
    ],
    "benefit_mean": [
      -15.404353381498234,
      -8.39748334921839,
      -7.246580259688738,
      -11.445398561343367,
      -7.96382348431683,
      -6.1453840531997725,
      -5.446916185782939,
      -7.672066492624232,
      -2.428514479207044,
      -7.1720113668765615
    ],
    "benefit_std": [
      7.493760592171531,
      4.6882944739863195,
      3.591940001815825,
      7.906684592852691,
      6.228580777690761,
      4.152180510622154,
      4.065214147923768,
      8.9360317452464,
      1.1327179200536974,
      4.78748399549514
    ],
    "sweet_idx": 8,
    "sweet_step": 20000,
    "under": -15.404353381498234,
    "sweet": -2.428514479207044,
    "over": -7.1720113668765615
  },
  "ETTm2|patchtst": {
    "milestones": [
      50,
      100,
      200,
      500,
      1000,
      2000,
      4000,
      8000,
      20000,
      50000
    ],
    "static_mean": [
      0.20306572362781852,
      0.16248069787703928,
      0.1568924698246099,
      0.15755018782295938,
      0.12343576794878323,
      0.1207900972978691,
      0.12666802657143397,
      0.12930135270753948,
      0.1374917716312492,
      0.15301643490411346
    ],
    "static_std": [
      0.04220131656764079,
      0.030811364511675123,
      0.04771963249687082,
      0.02526735819888069,
      0.014689410723770805,
      0.011232752751444038,
      0.01307925033466424,
      0.02184116855372817,
      0.0031484274217289062,
      0.004844069779566062
    ],
    "adapted_mean": [
      0.12182139469746671,
      0.11080536827525904,
      0.10360738396883788,
      0.10238931942232639,
      0.09991597077212783,
      0.09895862999861915,
      0.09854314200181746,
      0.10097751886886175,
      0.10768396962832427,
      0.11386307000098915
    ],
    "benefit_mean": [
      -37.35950077243599,
      -29.561004756129165,
      -28.58781059471662,
      -33.14015378720759,
      -17.877292404616906,
      -17.39191461647997,
      -21.381039376985427,
      -20.136673223323942,
      -21.671396438242265,
      -25.475916165278278
    ],
    "benefit_std": [
      12.779655326257645,
      11.832394698619584,
      17.710288989052643,
      11.923478057995805,
      9.897954936862059,
      7.358493840478849,
      7.980411186126511,
      10.495293632719871,
      0.36282598628644935,
      3.5399046997152013
    ],
    "sweet_idx": 5,
    "sweet_step": 2000,
    "under": -37.35950077243599,
    "sweet": -17.39191461647997,
    "over": -25.475916165278278
  },
  "appliances|dlinear": {
    "milestones": [
      50,
      100,
      200,
      500,
      1000,
      2000,
      4000,
      8000,
      20000,
      50000
    ],
    "static_mean": [
      0.4600697965493361,
      0.32686386189128164,
      0.2632799404979187,
      0.24148592567683136,
      0.23287452767782113,
      0.23980030633466862,
      0.23153814532176953,
      0.23426538820787116,
      0.23734215930533284,
      0.23478847033731695
    ],
    "static_std": [
      0.012761981207878362,
      0.006534239202629971,
      0.0006708212378365234,
      0.0034633477776294832,
      0.003035728612995233,
      0.006673456790889408,
      0.005087576256008998,
      0.0015767207730732842,
      0.006594767112822313,
      0.002980656922783372
    ],
    "adapted_mean": [
      0.3980255493076952,
      0.30109578838144385,
      0.24770460026119653,
      0.2274794163029801,
      0.2244944467971408,
      0.22477665570143848,
      0.22319477280059533,
      0.22377532759540852,
      0.22437158929877474,
      0.2251674818208884
    ],
    "benefit_mean": [
      -13.499491404768476,
      -7.886292998177905,
      -5.915142922135011,
      -5.782041605651379,
      -3.5865428610913366,
      -6.208350553515031,
      -3.5575538833790517,
      -4.475861145564661,
      -5.398603730308392,
      -4.079215672726171
    ],
    "benefit_std": [
      0.6583998962437035,
      0.18054996223033135,
      0.6620987224512263,
      1.2818585533611244,
      0.9444834030321831,
      2.0382645321653947,
      2.09696856249574,
      0.38201974247964815,
      2.4013872884301803,
      1.460984211926476
    ],
    "sweet_idx": 6,
    "sweet_step": 4000,
    "under": -13.499491404768476,
    "sweet": -3.5575538833790517,
    "over": -4.079215672726171
  },
  "appliances|patchtst": {
    "milestones": [
      50,
      100,
      200,
      500,
      1000,
      2000,
      4000,
      8000,
      20000,
      50000
    ],
    "static_mean": [
      0.5522829157580521,
      0.4982694420519391,
      0.5149047821352299,
      0.46288352482480094,
      0.41610626381008436,
      0.4342976692151535,
      0.4661318835155058,
      0.5235827795025157,
      0.5543524686606647,
      0.6190402484729294
    ],
    "static_std": [
      0.03741943651626515,
      0.009996497005952417,
      0.025469865915560375,
      0.04416002768436378,
      0.01739700694401684,
      0.011208537564699474,
      0.0171199933007916,
      0.021168124806623247,
      0.0388586648200697,
      0.08594862879422845
    ],
    "adapted_mean": [
      0.35110757250976293,
      0.3129452058814303,
      0.29708419420393084,
      0.2763837669195799,
      0.26460073450361193,
      0.26872112713935453,
      0.278198606794623,
      0.28536485080567203,
      0.2910688195259757,
      0.29259182989826943
    ],
    "benefit_mean": [
      -36.15183182869675,
      -37.17426349602997,
      -42.159028761952506,
      -39.85776025382405,
      -36.33429961210754,
      -38.11102592155282,
      -40.24356348507664,
      -45.35419456234862,
      -47.28615679770883,
      -51.844503342177404
    ],
    "benefit_std": [
      4.048736727650734,
      1.0225874123281864,
      2.9160826518893552,
      4.558929719296049,
      1.8794346325598428,
      0.5492487671595553,
      2.056626183749565,
      3.5657468013551217,
      3.566710585708995,
      6.412306455099936
    ],
    "sweet_idx": 4,
    "sweet_step": 1000,
    "under": -36.15183182869675,
    "sweet": -36.33429961210754,
    "over": -51.844503342177404
  },
  "bdg2|dlinear": {
    "milestones": [
      50,
      100,
      200,
      500,
      1000,
      2000,
      4000,
      8000,
      20000,
      50000
    ],
    "static_mean": [
      0.34146496923002484,
      0.2778924627595296,
      0.2459372824117473,
      0.22675329753661266,
      0.22165882932404948,
      0.22886423197102876,
      0.22437028290202085,
      0.22311115960960518,
      0.22703379574976013,
      0.22284469115951833
    ],
    "static_std": [
      0.000584493572401991,
      0.0012531084556202728,
      0.0023523576716493813,
      0.003983388461598188,
      0.000966026302857319,
      0.008742802193213235,
      0.0043193968790272794,
      0.003905121049569158,
      0.005358381651477629,
      0.0029268054698691824
    ],